--------------------------------------------------------
--  File created - Saturday-September-17-2011   
--------------------------------------------------------
  DROP TABLE "REDCARPET"."CONSISTS" cascade constraints;
  DROP TABLE "REDCARPET"."EMPLOYEES" cascade constraints;
  DROP TABLE "REDCARPET"."ORDER_DETAILS" cascade constraints;
  DROP TABLE "REDCARPET"."ORDER_HEADS" cascade constraints;
  DROP TABLE "REDCARPET"."PICTURES" cascade constraints;
  DROP TABLE "REDCARPET"."PRODUCTS" cascade constraints;
  DROP TABLE "REDCARPET"."PROMOTIONS" cascade constraints;
  DROP TABLE "REDCARPET"."SIZES" cascade constraints;
  DROP TABLE "REDCARPET"."STOCKS" cascade constraints;
  DROP TABLE "REDCARPET"."STOCK_TYPES" cascade constraints;
  DROP SEQUENCE "REDCARPET"."EMPLOYEES_SEQ";
  DROP SEQUENCE "REDCARPET"."ORDER_HEADS_SEQ";
  DROP SEQUENCE "REDCARPET"."PICTURES_SEQ";
  DROP SEQUENCE "REDCARPET"."PRODUCTS_SEQ";
  DROP SEQUENCE "REDCARPET"."PROMOTIONS_SEQ";
  DROP SEQUENCE "REDCARPET"."SIZES_SEQ";
  DROP SEQUENCE "REDCARPET"."STOCKS_SEQ";
  DROP SEQUENCE "REDCARPET"."STOCK_TYPES_SEQ";
--------------------------------------------------------
--  DDL for Sequence EMPLOYEES_SEQ
--------------------------------------------------------

   CREATE SEQUENCE  "REDCARPET"."EMPLOYEES_SEQ"  MINVALUE 1 MAXVALUE 99999 INCREMENT BY 1 START WITH 104 NOCACHE  NOORDER  NOCYCLE ;
--------------------------------------------------------
--  DDL for Sequence ORDER_HEADS_SEQ
--------------------------------------------------------

   CREATE SEQUENCE  "REDCARPET"."ORDER_HEADS_SEQ"  MINVALUE 1 MAXVALUE 99999 INCREMENT BY 1 START WITH 7 NOCACHE  NOORDER  NOCYCLE ;
--------------------------------------------------------
--  DDL for Sequence PICTURES_SEQ
--------------------------------------------------------

   CREATE SEQUENCE  "REDCARPET"."PICTURES_SEQ"  MINVALUE 1 MAXVALUE 99999 INCREMENT BY 1 START WITH 20 NOCACHE  NOORDER  NOCYCLE ;
--------------------------------------------------------
--  DDL for Sequence PRODUCTS_SEQ
--------------------------------------------------------

   CREATE SEQUENCE  "REDCARPET"."PRODUCTS_SEQ"  MINVALUE 1 MAXVALUE 99999 INCREMENT BY 1 START WITH 8 NOCACHE  NOORDER  NOCYCLE ;
--------------------------------------------------------
--  DDL for Sequence PROMOTIONS_SEQ
--------------------------------------------------------

   CREATE SEQUENCE  "REDCARPET"."PROMOTIONS_SEQ"  MINVALUE 1 MAXVALUE 99999 INCREMENT BY 1 START WITH 13 NOCACHE  NOORDER  NOCYCLE ;
--------------------------------------------------------
--  DDL for Sequence SIZES_SEQ
--------------------------------------------------------

   CREATE SEQUENCE  "REDCARPET"."SIZES_SEQ"  MINVALUE 1 MAXVALUE 99999 INCREMENT BY 1 START WITH 7 NOCACHE  NOORDER  NOCYCLE ;
--------------------------------------------------------
--  DDL for Sequence STOCKS_SEQ
--------------------------------------------------------

   CREATE SEQUENCE  "REDCARPET"."STOCKS_SEQ"  MINVALUE 1 MAXVALUE 99999 INCREMENT BY 1 START WITH 43 NOCACHE  NOORDER  NOCYCLE ;
--------------------------------------------------------
--  DDL for Sequence STOCK_TYPES_SEQ
--------------------------------------------------------

   CREATE SEQUENCE  "REDCARPET"."STOCK_TYPES_SEQ"  MINVALUE 1 MAXVALUE 99999 INCREMENT BY 1 START WITH 1 NOCACHE  NOORDER  NOCYCLE ;
--------------------------------------------------------
--  DDL for Table CONSISTS
--------------------------------------------------------

  CREATE TABLE "REDCARPET"."CONSISTS" 
   (	"PRODUCT_ID" NUMBER(*,5), 
	"STOCK_ID" NUMBER
   ) SEGMENT CREATION IMMEDIATE 
  PCTFREE 10 PCTUSED 40 INITRANS 1 MAXTRANS 255 NOCOMPRESS LOGGING
  STORAGE(INITIAL 65536 NEXT 1048576 MINEXTENTS 1 MAXEXTENTS 2147483645
  PCTINCREASE 0 FREELISTS 1 FREELIST GROUPS 1 BUFFER_POOL DEFAULT FLASH_CACHE DEFAULT CELL_FLASH_CACHE DEFAULT)
  TABLESPACE "USERS" ;
--------------------------------------------------------
--  DDL for Table EMPLOYEES
--------------------------------------------------------

  CREATE TABLE "REDCARPET"."EMPLOYEES" 
   (	"EMP_ID" NUMBER, 
	"EMP_NAME" VARCHAR2(50 CHAR), 
	"EMP_DOB" DATE, 
	"EMP_LOG" DATE, 
	"EMP_SURNAME" VARCHAR2(200 CHAR), 
	"EMP_USER" VARCHAR2(20 CHAR), 
	"EMP_PWD" VARCHAR2(20 CHAR)
   ) SEGMENT CREATION IMMEDIATE 
  PCTFREE 10 PCTUSED 40 INITRANS 1 MAXTRANS 255 NOCOMPRESS LOGGING
  STORAGE(INITIAL 65536 NEXT 1048576 MINEXTENTS 1 MAXEXTENTS 2147483645
  PCTINCREASE 0 FREELISTS 1 FREELIST GROUPS 1 BUFFER_POOL DEFAULT FLASH_CACHE DEFAULT CELL_FLASH_CACHE DEFAULT)
  TABLESPACE "USERS" ;
--------------------------------------------------------
--  DDL for Table ORDER_DETAILS
--------------------------------------------------------

  CREATE TABLE "REDCARPET"."ORDER_DETAILS" 
   (	"ORDER_ID" NUMBER, 
	"PRODUCT_ID" NUMBER, 
	"QUANTY" NUMBER
   ) SEGMENT CREATION IMMEDIATE 
  PCTFREE 10 PCTUSED 40 INITRANS 1 MAXTRANS 255 NOCOMPRESS LOGGING
  STORAGE(INITIAL 65536 NEXT 1048576 MINEXTENTS 1 MAXEXTENTS 2147483645
  PCTINCREASE 0 FREELISTS 1 FREELIST GROUPS 1 BUFFER_POOL DEFAULT FLASH_CACHE DEFAULT CELL_FLASH_CACHE DEFAULT)
  TABLESPACE "USERS" ;
--------------------------------------------------------
--  DDL for Table ORDER_HEADS
--------------------------------------------------------

  CREATE TABLE "REDCARPET"."ORDER_HEADS" 
   (	"ORDER_ID" NUMBER, 
	"EMP_ID" NUMBER, 
	"ORDER_DATE" DATE, 
	"TOTAL" NUMBER
   ) SEGMENT CREATION IMMEDIATE 
  PCTFREE 10 PCTUSED 40 INITRANS 1 MAXTRANS 255 NOCOMPRESS LOGGING
  STORAGE(INITIAL 65536 NEXT 1048576 MINEXTENTS 1 MAXEXTENTS 2147483645
  PCTINCREASE 0 FREELISTS 1 FREELIST GROUPS 1 BUFFER_POOL DEFAULT FLASH_CACHE DEFAULT CELL_FLASH_CACHE DEFAULT)
  TABLESPACE "USERS" ;
--------------------------------------------------------
--  DDL for Table PICTURES
--------------------------------------------------------

  CREATE TABLE "REDCARPET"."PICTURES" 
   (	"BLOB_ID" NUMBER, 
	"BLOB_FILE" VARCHAR2(500 CHAR), 
	"BLOB_TYPE" VARCHAR2(50 CHAR), 
	"BLOB_CONTENT" BLOB
   ) SEGMENT CREATION IMMEDIATE 
  PCTFREE 10 PCTUSED 40 INITRANS 1 MAXTRANS 255 NOCOMPRESS LOGGING
  STORAGE(INITIAL 65536 NEXT 1048576 MINEXTENTS 1 MAXEXTENTS 2147483645
  PCTINCREASE 0 FREELISTS 1 FREELIST GROUPS 1 BUFFER_POOL DEFAULT FLASH_CACHE DEFAULT CELL_FLASH_CACHE DEFAULT)
  TABLESPACE "USERS" 
 LOB ("BLOB_CONTENT") STORE AS BASICFILE (
  TABLESPACE "USERS" ENABLE STORAGE IN ROW CHUNK 8192 RETENTION 
  NOCACHE LOGGING 
  STORAGE(INITIAL 65536 NEXT 1048576 MINEXTENTS 1 MAXEXTENTS 2147483645
  PCTINCREASE 0 FREELISTS 1 FREELIST GROUPS 1 BUFFER_POOL DEFAULT FLASH_CACHE DEFAULT CELL_FLASH_CACHE DEFAULT)) ;
--------------------------------------------------------
--  DDL for Table PRODUCTS
--------------------------------------------------------

  CREATE TABLE "REDCARPET"."PRODUCTS" 
   (	"PRODUCT_ID" NUMBER, 
	"SIZE_ID" NUMBER, 
	"COUNT" NUMBER, 
	"PRODUCT_NAME" VARCHAR2(50 CHAR)
   ) SEGMENT CREATION IMMEDIATE 
  PCTFREE 10 PCTUSED 40 INITRANS 1 MAXTRANS 255 NOCOMPRESS LOGGING
  STORAGE(INITIAL 65536 NEXT 1048576 MINEXTENTS 1 MAXEXTENTS 2147483645
  PCTINCREASE 0 FREELISTS 1 FREELIST GROUPS 1 BUFFER_POOL DEFAULT FLASH_CACHE DEFAULT CELL_FLASH_CACHE DEFAULT)
  TABLESPACE "USERS" ;
--------------------------------------------------------
--  DDL for Table PROMOTIONS
--------------------------------------------------------

  CREATE TABLE "REDCARPET"."PROMOTIONS" 
   (	"PROMOTION_ID" NUMBER, 
	"PROMOTION_DESC" VARCHAR2(100 CHAR), 
	"SIZE_ID" NUMBER, 
	"DISCOUNT" NUMBER, 
	"PROMOTION_START" DATE, 
	"PROMOTION_END" DATE, 
	"PROMOTION_NAME" VARCHAR2(50 CHAR)
   ) SEGMENT CREATION IMMEDIATE 
  PCTFREE 10 PCTUSED 40 INITRANS 1 MAXTRANS 255 NOCOMPRESS LOGGING
  STORAGE(INITIAL 65536 NEXT 1048576 MINEXTENTS 1 MAXEXTENTS 2147483645
  PCTINCREASE 0 FREELISTS 1 FREELIST GROUPS 1 BUFFER_POOL DEFAULT FLASH_CACHE DEFAULT CELL_FLASH_CACHE DEFAULT)
  TABLESPACE "USERS" ;
--------------------------------------------------------
--  DDL for Table SIZES
--------------------------------------------------------

  CREATE TABLE "REDCARPET"."SIZES" 
   (	"SIZE_ID" NUMBER, 
	"SIZE_NAME" VARCHAR2(50 CHAR), 
	"MAX_ICE_CREAM" NUMBER, 
	"MAX_TOPPING" NUMBER, 
	"PRICE" NUMBER
   ) SEGMENT CREATION IMMEDIATE 
  PCTFREE 10 PCTUSED 40 INITRANS 1 MAXTRANS 255 NOCOMPRESS LOGGING
  STORAGE(INITIAL 65536 NEXT 1048576 MINEXTENTS 1 MAXEXTENTS 2147483645
  PCTINCREASE 0 FREELISTS 1 FREELIST GROUPS 1 BUFFER_POOL DEFAULT FLASH_CACHE DEFAULT CELL_FLASH_CACHE DEFAULT)
  TABLESPACE "USERS" ;
--------------------------------------------------------
--  DDL for Table STOCKS
--------------------------------------------------------

  CREATE TABLE "REDCARPET"."STOCKS" 
   (	"STOCK_ID" NUMBER, 
	"STOCK_NAME" VARCHAR2(100 CHAR), 
	"STOCK_TYPE" NUMBER, 
	"STOCK_PIC" NUMBER
   ) SEGMENT CREATION IMMEDIATE 
  PCTFREE 10 PCTUSED 40 INITRANS 1 MAXTRANS 255 NOCOMPRESS LOGGING
  STORAGE(INITIAL 65536 NEXT 1048576 MINEXTENTS 1 MAXEXTENTS 2147483645
  PCTINCREASE 0 FREELISTS 1 FREELIST GROUPS 1 BUFFER_POOL DEFAULT FLASH_CACHE DEFAULT CELL_FLASH_CACHE DEFAULT)
  TABLESPACE "USERS" ;
--------------------------------------------------------
--  DDL for Table STOCK_TYPES
--------------------------------------------------------

  CREATE TABLE "REDCARPET"."STOCK_TYPES" 
   (	"TYPE_ID" NUMBER, 
	"TYPE_NAME" VARCHAR2(30 CHAR)
   ) SEGMENT CREATION IMMEDIATE 
  PCTFREE 10 PCTUSED 40 INITRANS 1 MAXTRANS 255 NOCOMPRESS LOGGING
  STORAGE(INITIAL 65536 NEXT 1048576 MINEXTENTS 1 MAXEXTENTS 2147483645
  PCTINCREASE 0 FREELISTS 1 FREELIST GROUPS 1 BUFFER_POOL DEFAULT FLASH_CACHE DEFAULT CELL_FLASH_CACHE DEFAULT)
  TABLESPACE "USERS" ;

---------------------------------------------------
--   DATA FOR TABLE CONSISTS
--   FILTER = none used
---------------------------------------------------
REM INSERTING into REDCARPET.CONSISTS
Insert into REDCARPET.CONSISTS (PRODUCT_ID,STOCK_ID) values (5,1);
Insert into REDCARPET.CONSISTS (PRODUCT_ID,STOCK_ID) values (5,38);
Insert into REDCARPET.CONSISTS (PRODUCT_ID,STOCK_ID) values (5,39);
Insert into REDCARPET.CONSISTS (PRODUCT_ID,STOCK_ID) values (5,42);
Insert into REDCARPET.CONSISTS (PRODUCT_ID,STOCK_ID) values (6,1);
Insert into REDCARPET.CONSISTS (PRODUCT_ID,STOCK_ID) values (6,37);
Insert into REDCARPET.CONSISTS (PRODUCT_ID,STOCK_ID) values (6,39);
Insert into REDCARPET.CONSISTS (PRODUCT_ID,STOCK_ID) values (6,41);
Insert into REDCARPET.CONSISTS (PRODUCT_ID,STOCK_ID) values (7,1);
Insert into REDCARPET.CONSISTS (PRODUCT_ID,STOCK_ID) values (7,37);
Insert into REDCARPET.CONSISTS (PRODUCT_ID,STOCK_ID) values (7,39);
Insert into REDCARPET.CONSISTS (PRODUCT_ID,STOCK_ID) values (7,42);

---------------------------------------------------
--   END DATA FOR TABLE CONSISTS
---------------------------------------------------


---------------------------------------------------
--   DATA FOR TABLE EMPLOYEES
--   FILTER = none used
---------------------------------------------------
REM INSERTING into REDCARPET.EMPLOYEES
Insert into REDCARPET.EMPLOYEES (EMP_ID,EMP_NAME,EMP_DOB,EMP_LOG,EMP_SURNAME,EMP_USER,EMP_PWD) values (103,'ชาตรี',to_timestamp('03-FEB-10 12.00.00.000000000 AM','DD-MON-RR HH.MI.SS.FF AM'),to_timestamp('12-SEP-11 09.37.27.000000000 AM','DD-MON-RR HH.MI.SS.FF AM'),'เอ๋อทุกอบ่าง','pingkung','s124578');

---------------------------------------------------
--   END DATA FOR TABLE EMPLOYEES
---------------------------------------------------


---------------------------------------------------
--   DATA FOR TABLE ORDER_DETAILS
--   FILTER = none used
---------------------------------------------------
REM INSERTING into REDCARPET.ORDER_DETAILS
Insert into REDCARPET.ORDER_DETAILS (ORDER_ID,PRODUCT_ID,QUANTY) values (5,5,0);
Insert into REDCARPET.ORDER_DETAILS (ORDER_ID,PRODUCT_ID,QUANTY) values (6,6,0);
Insert into REDCARPET.ORDER_DETAILS (ORDER_ID,PRODUCT_ID,QUANTY) values (6,7,0);

---------------------------------------------------
--   END DATA FOR TABLE ORDER_DETAILS
---------------------------------------------------


---------------------------------------------------
--   DATA FOR TABLE ORDER_HEADS
--   FILTER = none used
---------------------------------------------------
REM INSERTING into REDCARPET.ORDER_HEADS
Insert into REDCARPET.ORDER_HEADS (ORDER_ID,EMP_ID,ORDER_DATE,TOTAL) values (5,103,to_timestamp('17-SEP-11 10.35.09.000000000 AM','DD-MON-RR HH.MI.SS.FF AM'),250);
Insert into REDCARPET.ORDER_HEADS (ORDER_ID,EMP_ID,ORDER_DATE,TOTAL) values (6,103,to_timestamp('17-SEP-11 10.36.35.000000000 AM','DD-MON-RR HH.MI.SS.FF AM'),500);

---------------------------------------------------
--   END DATA FOR TABLE ORDER_HEADS
---------------------------------------------------


---------------------------------------------------
--   DATA FOR TABLE PICTURES
--   FILTER = none used
---------------------------------------------------
REM INSERTING into REDCARPET.PICTURES
Insert into REDCARPET.PICTURES (BLOB_ID,BLOB_FILE,BLOB_TYPE,BLOB_CONTENT) values (11,'C:\Users\Adminping\Desktop\IceTop\iceChoco.jpg','jpeg','(BLOB)');
Insert into REDCARPET.PICTURES (BLOB_ID,BLOB_FILE,BLOB_TYPE,BLOB_CONTENT) values (16,'C:\Users\Adminping\Desktop\IceTop\topJelly.jpg','jpeg','(BLOB)');
Insert into REDCARPET.PICTURES (BLOB_ID,BLOB_FILE,BLOB_TYPE,BLOB_CONTENT) values (17,'C:\Users\Adminping\Desktop\IceTop\topMms-image.jpg','jpeg','(BLOB)');
Insert into REDCARPET.PICTURES (BLOB_ID,BLOB_FILE,BLOB_TYPE,BLOB_CONTENT) values (18,'C:\Users\Adminping\Desktop\IceTop\topOhjo.jpg','jpeg','(BLOB)');
Insert into REDCARPET.PICTURES (BLOB_ID,BLOB_FILE,BLOB_TYPE,BLOB_CONTENT) values (19,'C:\Users\Adminping\Desktop\IceTop\topprune1.jpg','jpeg','(BLOB)');
Insert into REDCARPET.PICTURES (BLOB_ID,BLOB_FILE,BLOB_TYPE,BLOB_CONTENT) values (15,'C:\Users\Adminping\Desktop\IceTop\iceVanilla.jpeg','jpeg','(BLOB)');
Insert into REDCARPET.PICTURES (BLOB_ID,BLOB_FILE,BLOB_TYPE,BLOB_CONTENT) values (13,'C:\Users\Adminping\Desktop\IceTop\ice_chocolate_chip.jpg','jpeg','(BLOB)');
Insert into REDCARPET.PICTURES (BLOB_ID,BLOB_FILE,BLOB_TYPE,BLOB_CONTENT) values (14,'C:\Users\Adminping\Desktop\IceTop\iceStrabeery.jpg','jpeg','(BLOB)');

---------------------------------------------------
--   END DATA FOR TABLE PICTURES
---------------------------------------------------


---------------------------------------------------
--   DATA FOR TABLE PRODUCTS
--   FILTER = none used
---------------------------------------------------
REM INSERTING into REDCARPET.PRODUCTS
Insert into REDCARPET.PRODUCTS (PRODUCT_ID,SIZE_ID,COUNT,PRODUCT_NAME) values (5,4,0,'noname');
Insert into REDCARPET.PRODUCTS (PRODUCT_ID,SIZE_ID,COUNT,PRODUCT_NAME) values (6,4,0,'noname');
Insert into REDCARPET.PRODUCTS (PRODUCT_ID,SIZE_ID,COUNT,PRODUCT_NAME) values (7,4,0,'noname');

---------------------------------------------------
--   END DATA FOR TABLE PRODUCTS
---------------------------------------------------


---------------------------------------------------
--   DATA FOR TABLE PROMOTIONS
--   FILTER = none used
---------------------------------------------------
REM INSERTING into REDCARPET.PROMOTIONS
Insert into REDCARPET.PROMOTIONS (PROMOTION_ID,PROMOTION_DESC,SIZE_ID,DISCOUNT,PROMOTION_START,PROMOTION_END,PROMOTION_NAME) values (9,'อยากลด',6,8,to_timestamp('11-SEP-11 12.00.00.000000000 AM','DD-MON-RR HH.MI.SS.FF AM'),to_timestamp('15-SEP-11 12.00.00.000000000 AM','DD-MON-RR HH.MI.SS.FF AM'),'เปิดร้านใหม่');
Insert into REDCARPET.PROMOTIONS (PROMOTION_ID,PROMOTION_DESC,SIZE_ID,DISCOUNT,PROMOTION_START,PROMOTION_END,PROMOTION_NAME) values (10,'ลดลด',5,5,to_timestamp('01-JAN-09 12.00.00.000000000 AM','DD-MON-RR HH.MI.SS.FF AM'),to_timestamp('20-SEP-12 12.00.00.000000000 AM','DD-MON-RR HH.MI.SS.FF AM'),'ลดลด');

---------------------------------------------------
--   END DATA FOR TABLE PROMOTIONS
---------------------------------------------------


---------------------------------------------------
--   DATA FOR TABLE SIZES
--   FILTER = none used
---------------------------------------------------
REM INSERTING into REDCARPET.SIZES
Insert into REDCARPET.SIZES (SIZE_ID,SIZE_NAME,MAX_ICE_CREAM,MAX_TOPPING,PRICE) values (4,'M',2,2,250);
Insert into REDCARPET.SIZES (SIZE_ID,SIZE_NAME,MAX_ICE_CREAM,MAX_TOPPING,PRICE) values (6,'XL',5,2,213);
Insert into REDCARPET.SIZES (SIZE_ID,SIZE_NAME,MAX_ICE_CREAM,MAX_TOPPING,PRICE) values (5,'L',3,2,60);

---------------------------------------------------
--   END DATA FOR TABLE SIZES
---------------------------------------------------


---------------------------------------------------
--   DATA FOR TABLE STOCKS
--   FILTER = none used
---------------------------------------------------
REM INSERTING into REDCARPET.STOCKS
Insert into REDCARPET.STOCKS (STOCK_ID,STOCK_NAME,STOCK_TYPE,STOCK_PIC) values (1,'Chocolate',1,11);
Insert into REDCARPET.STOCKS (STOCK_ID,STOCK_NAME,STOCK_TYPE,STOCK_PIC) values (39,'jelly',2,16);
Insert into REDCARPET.STOCKS (STOCK_ID,STOCK_NAME,STOCK_TYPE,STOCK_PIC) values (40,'m&m',2,17);
Insert into REDCARPET.STOCKS (STOCK_ID,STOCK_NAME,STOCK_TYPE,STOCK_PIC) values (41,'Ohjo',2,18);
Insert into REDCARPET.STOCKS (STOCK_ID,STOCK_NAME,STOCK_TYPE,STOCK_PIC) values (42,'lookkad',2,19);
Insert into REDCARPET.STOCKS (STOCK_ID,STOCK_NAME,STOCK_TYPE,STOCK_PIC) values (36,'ChocoChip',1,13);
Insert into REDCARPET.STOCKS (STOCK_ID,STOCK_NAME,STOCK_TYPE,STOCK_PIC) values (37,'Strawberry',1,14);
Insert into REDCARPET.STOCKS (STOCK_ID,STOCK_NAME,STOCK_TYPE,STOCK_PIC) values (38,'Vanila',1,15);

---------------------------------------------------
--   END DATA FOR TABLE STOCKS
---------------------------------------------------


---------------------------------------------------
--   DATA FOR TABLE STOCK_TYPES
--   FILTER = none used
---------------------------------------------------
REM INSERTING into REDCARPET.STOCK_TYPES
Insert into REDCARPET.STOCK_TYPES (TYPE_ID,TYPE_NAME) values (1,'ICE-CREAM');
Insert into REDCARPET.STOCK_TYPES (TYPE_ID,TYPE_NAME) values (2,'TOPPING');

---------------------------------------------------
--   END DATA FOR TABLE STOCK_TYPES
---------------------------------------------------

--------------------------------------------------------
--  Constraints for Table CONSISTS
--------------------------------------------------------

  ALTER TABLE "REDCARPET"."CONSISTS" ADD CONSTRAINT "CONSISTS_PK" PRIMARY KEY ("PRODUCT_ID", "STOCK_ID")
  USING INDEX PCTFREE 10 INITRANS 2 MAXTRANS 255 COMPUTE STATISTICS 
  STORAGE(INITIAL 65536 NEXT 1048576 MINEXTENTS 1 MAXEXTENTS 2147483645
  PCTINCREASE 0 FREELISTS 1 FREELIST GROUPS 1 BUFFER_POOL DEFAULT FLASH_CACHE DEFAULT CELL_FLASH_CACHE DEFAULT)
  TABLESPACE "USERS"  ENABLE;
 
  ALTER TABLE "REDCARPET"."CONSISTS" MODIFY ("PRODUCT_ID" NOT NULL ENABLE);
 
  ALTER TABLE "REDCARPET"."CONSISTS" MODIFY ("STOCK_ID" NOT NULL ENABLE);
--------------------------------------------------------
--  Constraints for Table PROMOTIONS
--------------------------------------------------------

  ALTER TABLE "REDCARPET"."PROMOTIONS" ADD CONSTRAINT "PROMOTION_PK" PRIMARY KEY ("PROMOTION_ID")
  USING INDEX PCTFREE 10 INITRANS 2 MAXTRANS 255 COMPUTE STATISTICS 
  STORAGE(INITIAL 65536 NEXT 1048576 MINEXTENTS 1 MAXEXTENTS 2147483645
  PCTINCREASE 0 FREELISTS 1 FREELIST GROUPS 1 BUFFER_POOL DEFAULT FLASH_CACHE DEFAULT CELL_FLASH_CACHE DEFAULT)
  TABLESPACE "USERS"  ENABLE;
 
  ALTER TABLE "REDCARPET"."PROMOTIONS" MODIFY ("PROMOTION_ID" NOT NULL ENABLE);

--------------------------------------------------------
--  Constraints for Table EMPLOYEES
--------------------------------------------------------

  ALTER TABLE "REDCARPET"."EMPLOYEES" ADD CONSTRAINT "EMPLOYEES_PK" PRIMARY KEY ("EMP_ID")
  USING INDEX PCTFREE 10 INITRANS 2 MAXTRANS 255 COMPUTE STATISTICS 
  STORAGE(INITIAL 65536 NEXT 1048576 MINEXTENTS 1 MAXEXTENTS 2147483645
  PCTINCREASE 0 FREELISTS 1 FREELIST GROUPS 1 BUFFER_POOL DEFAULT FLASH_CACHE DEFAULT CELL_FLASH_CACHE DEFAULT)
  TABLESPACE "USERS"  ENABLE;
 
  ALTER TABLE "REDCARPET"."EMPLOYEES" MODIFY ("EMP_ID" NOT NULL ENABLE);
--------------------------------------------------------
--  Constraints for Table ORDER_HEADS
--------------------------------------------------------

  ALTER TABLE "REDCARPET"."ORDER_HEADS" ADD CONSTRAINT "ORDER_HEADS_PK" PRIMARY KEY ("ORDER_ID")
  USING INDEX PCTFREE 10 INITRANS 2 MAXTRANS 255 COMPUTE STATISTICS 
  STORAGE(INITIAL 65536 NEXT 1048576 MINEXTENTS 1 MAXEXTENTS 2147483645
  PCTINCREASE 0 FREELISTS 1 FREELIST GROUPS 1 BUFFER_POOL DEFAULT FLASH_CACHE DEFAULT CELL_FLASH_CACHE DEFAULT)
  TABLESPACE "USERS"  ENABLE;
 
  ALTER TABLE "REDCARPET"."ORDER_HEADS" MODIFY ("ORDER_ID" NOT NULL ENABLE);
--------------------------------------------------------
--  Constraints for Table PRODUCTS
--------------------------------------------------------

  ALTER TABLE "REDCARPET"."PRODUCTS" ADD CONSTRAINT "PRODUCTS_PK" PRIMARY KEY ("PRODUCT_ID")
  USING INDEX PCTFREE 10 INITRANS 2 MAXTRANS 255 COMPUTE STATISTICS 
  STORAGE(INITIAL 65536 NEXT 1048576 MINEXTENTS 1 MAXEXTENTS 2147483645
  PCTINCREASE 0 FREELISTS 1 FREELIST GROUPS 1 BUFFER_POOL DEFAULT FLASH_CACHE DEFAULT CELL_FLASH_CACHE DEFAULT)
  TABLESPACE "USERS"  ENABLE;
 
  ALTER TABLE "REDCARPET"."PRODUCTS" MODIFY ("PRODUCT_ID" NOT NULL ENABLE);
--------------------------------------------------------
--  Constraints for Table SIZES
--------------------------------------------------------

  ALTER TABLE "REDCARPET"."SIZES" ADD CONSTRAINT "SIZES_PK" PRIMARY KEY ("SIZE_ID")
  USING INDEX PCTFREE 10 INITRANS 2 MAXTRANS 255 COMPUTE STATISTICS 
  STORAGE(INITIAL 65536 NEXT 1048576 MINEXTENTS 1 MAXEXTENTS 2147483645
  PCTINCREASE 0 FREELISTS 1 FREELIST GROUPS 1 BUFFER_POOL DEFAULT FLASH_CACHE DEFAULT CELL_FLASH_CACHE DEFAULT)
  TABLESPACE "USERS"  ENABLE;
 
  ALTER TABLE "REDCARPET"."SIZES" MODIFY ("SIZE_ID" NOT NULL ENABLE);
--------------------------------------------------------
--  Constraints for Table STOCK_TYPES
--------------------------------------------------------

  ALTER TABLE "REDCARPET"."STOCK_TYPES" ADD CONSTRAINT "STOCK_TYPES_PK" PRIMARY KEY ("TYPE_ID")
  USING INDEX PCTFREE 10 INITRANS 2 MAXTRANS 255 COMPUTE STATISTICS 
  STORAGE(INITIAL 65536 NEXT 1048576 MINEXTENTS 1 MAXEXTENTS 2147483645
  PCTINCREASE 0 FREELISTS 1 FREELIST GROUPS 1 BUFFER_POOL DEFAULT FLASH_CACHE DEFAULT CELL_FLASH_CACHE DEFAULT)
  TABLESPACE "USERS"  ENABLE;
 
  ALTER TABLE "REDCARPET"."STOCK_TYPES" MODIFY ("TYPE_ID" NOT NULL ENABLE);
--------------------------------------------------------
--  Constraints for Table ORDER_DETAILS
--------------------------------------------------------

  ALTER TABLE "REDCARPET"."ORDER_DETAILS" ADD CONSTRAINT "ORDER_DETAILS_PK" PRIMARY KEY ("ORDER_ID", "PRODUCT_ID")
  USING INDEX PCTFREE 10 INITRANS 2 MAXTRANS 255 COMPUTE STATISTICS 
  STORAGE(INITIAL 65536 NEXT 1048576 MINEXTENTS 1 MAXEXTENTS 2147483645
  PCTINCREASE 0 FREELISTS 1 FREELIST GROUPS 1 BUFFER_POOL DEFAULT FLASH_CACHE DEFAULT CELL_FLASH_CACHE DEFAULT)
  TABLESPACE "USERS"  ENABLE;
 
  ALTER TABLE "REDCARPET"."ORDER_DETAILS" MODIFY ("ORDER_ID" NOT NULL ENABLE);
 
  ALTER TABLE "REDCARPET"."ORDER_DETAILS" MODIFY ("PRODUCT_ID" NOT NULL ENABLE);
--------------------------------------------------------
--  Constraints for Table STOCKS
--------------------------------------------------------

  ALTER TABLE "REDCARPET"."STOCKS" ADD CONSTRAINT "STOCKS_PK" PRIMARY KEY ("STOCK_ID")
  USING INDEX PCTFREE 10 INITRANS 2 MAXTRANS 255 COMPUTE STATISTICS 
  STORAGE(INITIAL 65536 NEXT 1048576 MINEXTENTS 1 MAXEXTENTS 2147483645
  PCTINCREASE 0 FREELISTS 1 FREELIST GROUPS 1 BUFFER_POOL DEFAULT FLASH_CACHE DEFAULT CELL_FLASH_CACHE DEFAULT)
  TABLESPACE "USERS"  ENABLE;
 
  ALTER TABLE "REDCARPET"."STOCKS" MODIFY ("STOCK_ID" NOT NULL ENABLE);
--------------------------------------------------------
--  DDL for Index PRODUCTS_PK
--------------------------------------------------------

  CREATE UNIQUE INDEX "REDCARPET"."PRODUCTS_PK" ON "REDCARPET"."PRODUCTS" ("PRODUCT_ID") 
  PCTFREE 10 INITRANS 2 MAXTRANS 255 COMPUTE STATISTICS 
  STORAGE(INITIAL 65536 NEXT 1048576 MINEXTENTS 1 MAXEXTENTS 2147483645
  PCTINCREASE 0 FREELISTS 1 FREELIST GROUPS 1 BUFFER_POOL DEFAULT FLASH_CACHE DEFAULT CELL_FLASH_CACHE DEFAULT)
  TABLESPACE "USERS" ;
--------------------------------------------------------
--  DDL for Index EMPLOYEES_PK
--------------------------------------------------------

  CREATE UNIQUE INDEX "REDCARPET"."EMPLOYEES_PK" ON "REDCARPET"."EMPLOYEES" ("EMP_ID") 
  PCTFREE 10 INITRANS 2 MAXTRANS 255 COMPUTE STATISTICS 
  STORAGE(INITIAL 65536 NEXT 1048576 MINEXTENTS 1 MAXEXTENTS 2147483645
  PCTINCREASE 0 FREELISTS 1 FREELIST GROUPS 1 BUFFER_POOL DEFAULT FLASH_CACHE DEFAULT CELL_FLASH_CACHE DEFAULT)
  TABLESPACE "USERS" ;
--------------------------------------------------------
--  DDL for Index SIZES_PK
--------------------------------------------------------

  CREATE UNIQUE INDEX "REDCARPET"."SIZES_PK" ON "REDCARPET"."SIZES" ("SIZE_ID") 
  PCTFREE 10 INITRANS 2 MAXTRANS 255 COMPUTE STATISTICS 
  STORAGE(INITIAL 65536 NEXT 1048576 MINEXTENTS 1 MAXEXTENTS 2147483645
  PCTINCREASE 0 FREELISTS 1 FREELIST GROUPS 1 BUFFER_POOL DEFAULT FLASH_CACHE DEFAULT CELL_FLASH_CACHE DEFAULT)
  TABLESPACE "USERS" ;
--------------------------------------------------------
--  DDL for Index CONSISTS_PK
--------------------------------------------------------

  CREATE UNIQUE INDEX "REDCARPET"."CONSISTS_PK" ON "REDCARPET"."CONSISTS" ("PRODUCT_ID", "STOCK_ID") 
  PCTFREE 10 INITRANS 2 MAXTRANS 255 COMPUTE STATISTICS 
  STORAGE(INITIAL 65536 NEXT 1048576 MINEXTENTS 1 MAXEXTENTS 2147483645
  PCTINCREASE 0 FREELISTS 1 FREELIST GROUPS 1 BUFFER_POOL DEFAULT FLASH_CACHE DEFAULT CELL_FLASH_CACHE DEFAULT)
  TABLESPACE "USERS" ;
--------------------------------------------------------
--  DDL for Index PROMOTION_PK
--------------------------------------------------------

  CREATE UNIQUE INDEX "REDCARPET"."PROMOTION_PK" ON "REDCARPET"."PROMOTIONS" ("PROMOTION_ID") 
  PCTFREE 10 INITRANS 2 MAXTRANS 255 COMPUTE STATISTICS 
  STORAGE(INITIAL 65536 NEXT 1048576 MINEXTENTS 1 MAXEXTENTS 2147483645
  PCTINCREASE 0 FREELISTS 1 FREELIST GROUPS 1 BUFFER_POOL DEFAULT FLASH_CACHE DEFAULT CELL_FLASH_CACHE DEFAULT)
  TABLESPACE "USERS" ;
--------------------------------------------------------
--  DDL for Index ORDER_DETAILS_PK
--------------------------------------------------------

  CREATE UNIQUE INDEX "REDCARPET"."ORDER_DETAILS_PK" ON "REDCARPET"."ORDER_DETAILS" ("ORDER_ID", "PRODUCT_ID") 
  PCTFREE 10 INITRANS 2 MAXTRANS 255 COMPUTE STATISTICS 
  STORAGE(INITIAL 65536 NEXT 1048576 MINEXTENTS 1 MAXEXTENTS 2147483645
  PCTINCREASE 0 FREELISTS 1 FREELIST GROUPS 1 BUFFER_POOL DEFAULT FLASH_CACHE DEFAULT CELL_FLASH_CACHE DEFAULT)
  TABLESPACE "USERS" ;
--------------------------------------------------------
--  DDL for Index STOCK_TYPES_PK
--------------------------------------------------------

  CREATE UNIQUE INDEX "REDCARPET"."STOCK_TYPES_PK" ON "REDCARPET"."STOCK_TYPES" ("TYPE_ID") 
  PCTFREE 10 INITRANS 2 MAXTRANS 255 COMPUTE STATISTICS 
  STORAGE(INITIAL 65536 NEXT 1048576 MINEXTENTS 1 MAXEXTENTS 2147483645
  PCTINCREASE 0 FREELISTS 1 FREELIST GROUPS 1 BUFFER_POOL DEFAULT FLASH_CACHE DEFAULT CELL_FLASH_CACHE DEFAULT)
  TABLESPACE "USERS" ;
--------------------------------------------------------
--  DDL for Index ORDER_HEADS_PK
--------------------------------------------------------

  CREATE UNIQUE INDEX "REDCARPET"."ORDER_HEADS_PK" ON "REDCARPET"."ORDER_HEADS" ("ORDER_ID") 
  PCTFREE 10 INITRANS 2 MAXTRANS 255 COMPUTE STATISTICS 
  STORAGE(INITIAL 65536 NEXT 1048576 MINEXTENTS 1 MAXEXTENTS 2147483645
  PCTINCREASE 0 FREELISTS 1 FREELIST GROUPS 1 BUFFER_POOL DEFAULT FLASH_CACHE DEFAULT CELL_FLASH_CACHE DEFAULT)
  TABLESPACE "USERS" ;
--------------------------------------------------------
--  DDL for Index STOCKS_PK
--------------------------------------------------------

  CREATE UNIQUE INDEX "REDCARPET"."STOCKS_PK" ON "REDCARPET"."STOCKS" ("STOCK_ID") 
  PCTFREE 10 INITRANS 2 MAXTRANS 255 COMPUTE STATISTICS 
  STORAGE(INITIAL 65536 NEXT 1048576 MINEXTENTS 1 MAXEXTENTS 2147483645
  PCTINCREASE 0 FREELISTS 1 FREELIST GROUPS 1 BUFFER_POOL DEFAULT FLASH_CACHE DEFAULT CELL_FLASH_CACHE DEFAULT)
  TABLESPACE "USERS" ;






--------------------------------------------------------
--  Ref Constraints for Table PROMOTIONS
--------------------------------------------------------

  ALTER TABLE "REDCARPET"."PROMOTIONS" ADD CONSTRAINT "PROMOTIONS_SIZES_FK1" FOREIGN KEY ("SIZE_ID")
	  REFERENCES "REDCARPET"."SIZES" ("SIZE_ID") ENABLE;



